httpReply,file
200,1
404,10
200,100
200,101
200,102
200,103
200,104
200,105
200,106
200,107
200,108
200,109
200,11
200,110
200,111
200,112
200,113
200,114
200,115
200,116
200,117
200,118
200,119
200,12
200,120
200,121
200,122
200,123
200,124
200,125
200,126
200,127
404,128
200,129
404,13
200,130
200,131
404,132
200,133
200,134
404,135
200,136
404,137
200,138
200,139
404,14
404,140
200,141
200,142
200,143
404,144
200,145
200,146
200,147
200,148
200,149
200,15
200,150
200,151
200,152
404,153
200,154
200,155
200,156
200,157
404,158
200,159
404,16
200,160
200,161
200,162
200,163
200,164
200,165
404,166
200,167
200,168
200,169
200,17
200,170
200,171
200,172
200,173
200,174
200,175
200,176
200,177
200,178
200,179
404,18
200,180
200,181
404,182
200,183
200,184
200,185
200,186
200,187
404,188
200,189
404,19
404,190
200,191
200,192
200,193
200,194
200,195
200,196
200,197
200,198
200,199
200,2
200,20
200,200
200,201
200,202
200,203
200,204
200,205
200,206
200,207
200,208
200,209
200,21
200,210
200,211
404,212
200,213
200,214
200,215
200,216
200,217
200,218
404,219
200,22
200,220
404,221
200,222
200,223
200,224
200,225
200,226
200,227
200,228
200,229
200,23
200,230
200,231
404,232
200,233
200,234
404,235
404,236
200,237
200,238
200,239
200,24
200,240
200,241
200,242
200,243
200,244
200,245
200,246
404,247
404,248
200,249
200,25
200,250
200,251
200,252
200,253
200,254
200,255
200,256
200,257
200,258
200,259
200,26
200,260
200,261
200,262
200,263
200,264
200,265
200,266
200,267
200,268
200,269
200,27
404,270
404,271
200,272
200,273
200,274
200,275
200,276
200,277
200,278
200,279
200,28
200,280
200,281
404,282
200,283
404,284
200,285
200,286
200,287
404,288
404,289
200,29
200,290
200,291
200,292
200,293
200,294
200,295
200,296
404,297
200,298
200,299
200,3
200,30
200,300
200,301
200,302
200,303
200,304
200,305
200,306
200,307
200,308
200,309
200,31
200,310
200,311
200,312
200,313
200,314
200,315
404,316
200,317
200,318
200,319
200,32
200,320
200,321
200,322
200,323
200,324
200,325
200,326
200,327
200,328
200,329
200,33
200,330
200,331
200,332
200,333
200,334
200,335
200,336
200,337
200,338
200,339
200,34
200,340
200,341
200,342
200,343
200,344
200,345
200,346
200,347
200,348
200,349
200,35
200,350
200,351
200,352
200,353
200,354
200,355
200,356
200,357
200,358
200,359
200,36
404,360
200,361
200,362
200,363
200,364
200,365
200,366
200,367
200,368
200,369
200,37
200,370
200,371
200,372
200,373
404,374
200,375
200,376
200,377
200,378
200,379
200,38
200,380
200,381
404,382
200,383
200,384
200,385
200,386
200,387
200,388
200,389
200,39
200,390
200,391
200,392
200,393
200,394
404,395
404,396
200,397
200,398
200,399
200,4
200,40
200,400
200,401
200,402
200,403
200,404
200,405
200,406
200,407
200,408
200,409
200,41
200,410
200,411
404,412
404,413
200,414
200,415
200,416
200,417
200,418
200,42
200,43
200,44
200,45
200,46
200,47
404,48
200,49
200,5
200,50
200,51
200,52
200,53
200,54
200,55
200,56
200,57
200,58
404,59
200,6
200,60
200,61
200,62
200,63
200,64
200,65
200,66
200,67
200,68
200,69
200,7
200,70
200,71
200,72
404,73
200,74
200,75
200,76
200,77
200,78
200,79
404,8
200,80
200,81
404,82
200,83
200,84
200,85
200,86
200,87
200,88
200,89
404,9
200,90
200,91
200,92
200,93
200,94
200,95
200,96
404,97
200,98
200,99
